aashutoshrathi_word_wrap;https://github.com/aashutoshrathi/word-wrap
babel_code_frame;https://rawhubusercontent.com/babel/babel/master/LICENSE
babel_helper_validator_identifier;https://rawhubusercontent.com/babel/babel/master/LICENSE
babel_highlight;https://rawhubusercontent.com/babel/babel/master/LICENSE
ckeditor_ckeditor5_alignment;https://github.com/ckeditor/ckeditor5
ckeditor_ckeditor5_autoformat;https://github.com/ckeditor/ckeditor5
ckeditor_ckeditor5_basic_styles;https://github.com/ckeditor/ckeditor5
ckeditor_ckeditor5_block_quote;https://github.com/ckeditor/ckeditor5
ckeditor_ckeditor5_clipboard;https://github.com/ckeditor/ckeditor5
ckeditor_ckeditor5_code_block;https://github.com/ckeditor/ckeditor5
ckeditor_ckeditor5_core;https://github.com/ckeditor/ckeditor5
ckeditor_ckeditor5_editor_classic;https://github.com/ckeditor/ckeditor5
ckeditor_ckeditor5_editor_decoupled;https://github.com/ckeditor/ckeditor5
ckeditor_ckeditor5_engine;https://github.com/ckeditor/ckeditor5
ckeditor_ckeditor5_enter;https://github.com/ckeditor/ckeditor5
ckeditor_ckeditor5_essentials;https://github.com/ckeditor/ckeditor5
ckeditor_ckeditor5_heading;https://github.com/ckeditor/ckeditor5
ckeditor_ckeditor5_horizontal_line;https://github.com/ckeditor/ckeditor5
ckeditor_ckeditor5_html_support;https://github.com/ckeditor/ckeditor5
ckeditor_ckeditor5_image;https://github.com/ckeditor/ckeditor5
ckeditor_ckeditor5_indent;https://github.com/ckeditor/ckeditor5
ckeditor_ckeditor5_language;https://github.com/ckeditor/ckeditor5
ckeditor_ckeditor5_link;https://github.com/ckeditor/ckeditor5
ckeditor_ckeditor5_list;https://github.com/ckeditor/ckeditor5
ckeditor_ckeditor5_paragraph;https://github.com/ckeditor/ckeditor5
ckeditor_ckeditor5_paste_from_office;https://github.com/ckeditor/ckeditor5
ckeditor_ckeditor5_remove_format;https://github.com/ckeditor/ckeditor5
ckeditor_ckeditor5_select_all;https://github.com/ckeditor/ckeditor5
ckeditor_ckeditor5_source_editing;https://github.com/ckeditor/ckeditor5
ckeditor_ckeditor5_special_characters;https://github.com/ckeditor/ckeditor5
ckeditor_ckeditor5_style;https://github.com/ckeditor/ckeditor5
ckeditor_ckeditor5_table;https://github.com/ckeditor/ckeditor5
ckeditor_ckeditor5_theme_lark;https://github.com/ckeditor/ckeditor5
ckeditor_ckeditor5_typing;https://github.com/ckeditor/ckeditor5
ckeditor_ckeditor5_ui;https://github.com/ckeditor/ckeditor5
ckeditor_ckeditor5_undo;https://github.com/ckeditor/ckeditor5
ckeditor_ckeditor5_upload;https://github.com/ckeditor/ckeditor5
ckeditor_ckeditor5_utils;https://github.com/ckeditor/ckeditor5
ckeditor_ckeditor5_watchdog;https://github.com/ckeditor/ckeditor5
ckeditor_ckeditor5_widget;https://github.com/ckeditor/ckeditor5
colors_colors;https://github.com/DABH/colors.js
cspell_cspell_bundled_dicts;https://github.com/streetsidesoftware/cspell
cspell_cspell_pipe;https://github.com/streetsidesoftware/cspell
cspell_cspell_service_bus;https://github.com/streetsidesoftware/cspell
cspell_cspell_types;https://github.com/streetsidesoftware/cspell
cspell_dict_ada;https://github.com/streetsidesoftware/cspell-dicts
cspell_dict_aws;https://github.com/streetsidesoftware/cspell-dicts
cspell_dict_bash;https://github.com/streetsidesoftware/cspell-dicts
cspell_dict_companies;https://github.com/streetsidesoftware/cspell-dicts
cspell_dict_cpp;https://github.com/streetsidesoftware/cspell-dicts
cspell_dict_cryptocurrencies;https://github.com/streetsidesoftware/cspell-dicts
cspell_dict_csharp;https://github.com/streetsidesoftware/cspell-dicts
cspell_dict_css;https://github.com/streetsidesoftware/cspell-dicts
cspell_dict_dart;https://github.com/streetsidesoftware/cspell-dicts
cspell_dict_data_science;https://github.com/streetsidesoftware/cspell-dicts
cspell_dict_django;https://github.com/streetsidesoftware/cspell-dicts
cspell_dict_docker;https://github.com/streetsidesoftware/cspell-dicts
cspell_dict_dotnet;https://github.com/streetsidesoftware/cspell-dicts
cspell_dict_elixir;https://github.com/streetsidesoftware/cspell-dicts
cspell_dict_en_common_misspellings;https://github.com/streetsidesoftware/cspell-dicts
cspell_dict_en_gb;https://github.com/streetsidesoftware/cspell-dicts
cspell_dict_en_us;https://github.com/streetsidesoftware/cspell-dicts
cspell_dict_filetypes;https://github.com/streetsidesoftware/cspell-dicts
cspell_dict_fonts;https://github.com/streetsidesoftware/cspell-dicts
cspell_dict_fullstack;https://github.com/streetsidesoftware/cspell-dicts
cspell_dict_gaming_terms;https://github.com/streetsidesoftware/cspell-dicts
cspell_dict_git;https://github.com/streetsidesoftware/cspell-dicts
cspell_dict_golang;https://github.com/streetsidesoftware/cspell-dicts
cspell_dict_haskell;https://github.com/streetsidesoftware/cspell-dicts
cspell_dict_html;https://github.com/streetsidesoftware/cspell-dicts
cspell_dict_html_symbol_entities;https://github.com/streetsidesoftware/cspell-dicts
cspell_dict_java;https://github.com/streetsidesoftware/cspell-dicts
cspell_dict_k8s;https://github.com/streetsidesoftware/cspell-dicts
cspell_dict_latex;https://github.com/streetsidesoftware/cspell-dicts
cspell_dict_lorem_ipsum;https://github.com/streetsidesoftware/cspell-dicts
cspell_dict_lua;https://github.com/streetsidesoftware/cspell-dicts
cspell_dict_node;https://github.com/streetsidesoftware/cspell-dicts
cspell_dict_npm;https://github.com/streetsidesoftware/cspell-dicts
cspell_dict_php;https://github.com/streetsidesoftware/cspell-dicts
cspell_dict_powershell;https://github.com/streetsidesoftware/cspell-dicts
cspell_dict_public_licenses;https://github.com/streetsidesoftware/cspell-dicts
cspell_dict_python;https://github.com/streetsidesoftware/cspell-dicts
cspell_dict_r;https://github.com/streetsidesoftware/cspell-dicts
cspell_dict_ruby;https://github.com/streetsidesoftware/cspell-dicts
cspell_dict_rust;https://github.com/streetsidesoftware/cspell-dicts
cspell_dict_scala;https://github.com/streetsidesoftware/cspell-dicts
cspell_dict_software_terms;https://github.com/streetsidesoftware/cspell-dicts
cspell_dict_sql;https://github.com/streetsidesoftware/cspell-dicts
cspell_dict_svelte;https://github.com/streetsidesoftware/cspell-dicts
cspell_dict_swift;https://github.com/streetsidesoftware/cspell-dicts
cspell_dict_typescript;https://github.com/streetsidesoftware/cspell-dicts
cspell_dict_vue;https://github.com/streetsidesoftware/cspell-dicts
cspell_dynamic_import;https://github.com/streetsidesoftware/cspell
cspell_strong_weak_map;https://github.com/streetsidesoftware/cspell
csstools_cascade_layer_name_parser;https://github.com/csstools/postcss-plugins
csstools_color_helpers;https://github.com/csstools/postcss-plugins
csstools_css_calc;https://github.com/csstools/postcss-plugins
csstools_css_color_parser;https://github.com/csstools/postcss-plugins
csstools_css_parser_algorithms;https://github.com/csstools/postcss-plugins
csstools_css_tokenizer;https://github.com/csstools/postcss-plugins
csstools_media_query_list_parser;https://github.com/csstools/postcss-plugins
csstools_postcss_cascade_layers;https://github.com/csstools/postcss-plugins
csstools_postcss_color_function;https://github.com/csstools/postcss-plugins
csstools_postcss_color_mix_function;https://github.com/csstools/postcss-plugins
csstools_postcss_font_format_keywords;https://github.com/csstools/postcss-plugins
csstools_postcss_gradients_interpolation_method;https://github.com/csstools/postcss-plugins
csstools_postcss_hwb_function;https://github.com/csstools/postcss-plugins
csstools_postcss_ic_unit;https://github.com/csstools/postcss-plugins
csstools_postcss_is_pseudo_class;https://github.com/csstools/postcss-plugins
csstools_postcss_logical_float_and_clear;https://github.com/csstools/postcss-plugins
csstools_postcss_logical_resize;https://github.com/csstools/postcss-plugins
csstools_postcss_logical_viewport_units;https://github.com/csstools/postcss-plugins
csstools_postcss_media_minmax;https://github.com/csstools/postcss-plugins
csstools_postcss_media_queries_aspect_ratio_number_values;https://github.com/csstools/postcss-plugins
csstools_postcss_nested_calc;https://github.com/csstools/postcss-plugins
csstools_postcss_normalize_display_values;https://github.com/csstools/postcss-plugins
csstools_postcss_oklab_function;https://github.com/csstools/postcss-plugins
csstools_postcss_progressive_custom_properties;https://github.com/csstools/postcss-plugins
csstools_postcss_relative_color_syntax;https://github.com/csstools/postcss-plugins
csstools_postcss_scope_pseudo_class;https://github.com/csstools/postcss-plugins
csstools_postcss_stepped_value_functions;https://github.com/csstools/postcss-plugins
csstools_postcss_text_decoration_shorthand;https://github.com/csstools/postcss-plugins
csstools_postcss_trigonometric_functions;https://github.com/csstools/postcss-plugins
csstools_postcss_unset_value;https://github.com/csstools/postcss-plugins
csstools_selector_specificity;https://github.com/csstools/postcss-plugins
discoveryjs_json_ext;https://github.com/discoveryjs/json-ext
drupal_once;https://git.drupalcode.org/project/once
eslint_community_eslint_utils;https://github.com/eslint-community/eslint-utils
eslint_community_regexpp;https://github.com/eslint-community/regexpp
eslint_eslintrc;https://github.com/eslint/eslintrc
eslint_js;https://github.com/eslint/eslint
humanwhocodes_config_array;https://github.com/humanwhocodes/config-array
humanwhocodes_module_importer;https://github.com/humanwhocodes/module-importer
humanwhocodes_object_schema;https://github.com/humanwhocodes/object-schema
jridgewell_gen_mapping;https://github.com/jridgewell/gen-mapping
jridgewell_resolve_uri;https://github.com/jridgewell/resolve-uri
jridgewell_set_array;https://github.com/jridgewell/set-array
jridgewell_source_map;https://github.com/jridgewell/source-map
jridgewell_sourcemap_codec;https://github.com/jridgewell/sourcemap-codec
jridgewell_trace_mapping;https://github.com/jridgewell/trace-mapping
nightwatch_chai;https://github.com/chaijs/chai
nodelib_fs.scandir;https://rawhubusercontent.com/nodelib/nodelib/master/LICENSE
nodelib_fs.stat;https://rawhubusercontent.com/nodelib/nodelib/master/LICENSE
nodelib_fs.walk;https://rawhubusercontent.com/nodelib/nodelib/master/LICENSE
popperjs_core;https://rawhubusercontent.com/popperjs/popper-core/master/LICENSE
tootallnate_once;https://github.com/TooTallNate/once
types_eslint;https://rawhubusercontent.com/DefinitelyTyped/DefinitelyTyped/master/LICENSE
types_eslint_scope;https://rawhubusercontent.com/DefinitelyTyped/DefinitelyTyped/master/LICENSE
types_estree;https://rawhubusercontent.com/DefinitelyTyped/DefinitelyTyped/master/LICENSE
types_json_schema;https://rawhubusercontent.com/DefinitelyTyped/DefinitelyTyped/master/LICENSE
types_json5;https://wwwhub.com/DefinitelyTyped/DefinitelyTyped
types_minimist;https://rawhubusercontent.com/DefinitelyTyped/DefinitelyTyped/master/LICENSE
types_node;https://rawhubusercontent.com/DefinitelyTyped/DefinitelyTyped/master/LICENSE
types_normalize_package_data;https://rawhubusercontent.com/DefinitelyTyped/DefinitelyTyped/master/LICENSE
ungap_promise_all_settled;https://github.com/ungap/promise-all-settled
webassemblyjs_ast;https://github.com/xtuc/webassemblyjs
webassemblyjs_floating_point_hex_parser;https://github.com/xtuc/webassemblyjs
webassemblyjs_helper_api_error;https://github.com/xtuc/webassemblyjs
webassemblyjs_helper_buffer;https://github.com/xtuc/webassemblyjs
webassemblyjs_helper_numbers;https://github.com/xtuc/webassemblyjs
webassemblyjs_helper_wasm_bytecode;https://github.com/xtuc/webassemblyjs
webassemblyjs_helper_wasm_section;https://github.com/xtuc/webassemblyjs
webassemblyjs_ieee754;https://github.com/xtuc/webassemblyjs
webassemblyjs_leb128;https://github.com/xtuc/webassemblyjs
webassemblyjs_utf8;https://github.com/xtuc/webassemblyjs
webassemblyjs_wasm_edit;https://github.com/xtuc/webassemblyjs
webassemblyjs_wasm_gen;https://github.com/xtuc/webassemblyjs
webassemblyjs_wasm_opt;https://github.com/xtuc/webassemblyjs
webassemblyjs_wasm_parser;https://github.com/xtuc/webassemblyjs
webassemblyjs_wast_printer;https://github.com/xtuc/webassemblyjs
webpack_cli_configtest;https://github.com/webpack/webpack-cli
webpack_cli_info;https://github.com/webpack/webpack-cli
webpack_cli_serve;https://github.com/webpack/webpack-cli
xtuc_ieee754;https://github.com/feross/ieee754
xtuc_long;https://github.com/dcodeIO/long.js
abab;https://github.com/jsdom/abab
acorn;https://github.com/acornjs/acorn
acorn_import_assertions;https://github.com/xtuc/acorn-import-assertions
acorn_jsx;https://github.com/acornjs/acorn-jsx
agent_base;https://github.com/TooTallNate/node-agent-base
ajv;https://github.com/ajv-validator/ajv
ajv_keywords;https://github.com/epoberezkin/ajv-keywords
ansi_align;https://github.com/nexdrew/ansi-align
ansi_colors;https://github.com/doowb/ansi-colors
ansi_regex;https://github.com/chalk/ansi-regex
ansi_styles;https://github.com/chalk/ansi-styles
ansi_to_html;https://github.com/rburns/ansi-to-html
anymatch;https://github.com/micromatch/anymatch
argparse;https://github.com/nodeca/argparse
array_buffer_byte_length;https://github.com/inspect-js/array-buffer-byte-length
array_includes;https://github.com/es-shims/array-includes
array_timsort;https://github.com/kaelzhang/node-array-timsort
array_union;https://github.com/sindresorhus/array-union
array.prototype.flat;https://github.com/es-shims/Array.prototype.flat
array.prototype.flatmap;https://github.com/es-shims/Array.prototype.flatMap
arrify;https://github.com/sindresorhus/arrify
asm89_stack_cors;https://github.com/asm89/stack-cors/blob/master/LICENSE
assertion_error;https://github.com/chaijs/assertion-error
astral_regex;https://github.com/kevva/astral-regex
async;https://github.com/caolan/async
asynckit;https://github.com/alexindigo/asynckit
autoprefixer;https://github.com/postcss/autoprefixer
available_typed_arrays;https://github.com/inspect-js/available-typed-arrays
axe_core;https://github.com/dequelabs/axe-core
backbone;https://github.com/jashkenas/backbone
balanced_match;https://github.com/juliangruber/balanced-match
base64_js;https://github.com/beatgammit/base64-js
binary_extensions;https://github.com/sindresorhus/binary-extensions
bl;https://github.com/rvagg/bl
boxen;https://github.com/sindresorhus/boxen
brace_expansion;https://github.com/juliangruber/brace-expansion
braces;https://github.com/micromatch/braces
browser_stdout;https://github.com/kumavis/browser-stdout
browserslist;https://github.com/browserslist/browserslist
buffer;https://github.com/feross/buffer
buffer_from;https://github.com/LinusU/buffer-from
call_bind;https://github.com/ljharb/call-bind
callsites;https://github.com/sindresorhus/callsites
camelcase;https://github.com/sindresorhus/camelcase
camelcase_keys;https://github.com/sindresorhus/camelcase-keys
caniuse_lite;https://github.com/browserslist/caniuse-lite
chai_nightwatch;https://github.com/nightwatchjs/chai-nightwatch
chalk;https://github.com/chalk/chalk
check_error;https://github.com/chaijs/check-error
chi_teck_drupal_code_generator;https://github.com/Chi-teck/drupal-code-generator/blob/3.x/LICENSE.txt
chokidar;https://github.com/paulmillr/chokidar
chrome_trace_event;https://github.com/samccone/chrome-trace-event
ci_info;https://github.com/watson/ci-info
ckeditor5;https://github.com/ckeditor/ckeditor5
clear_module;https://github.com/sindresorhus/clear-module
cli_boxes;https://github.com/sindresorhus/cli-boxes
cli_cursor;https://github.com/sindresorhus/cli-cursor
cli_spinners;https://github.com/sindresorhus/cli-spinners
cli_table3;https://github.com/cli-table/cli-table3
cliui;https://github.com/yargs/cliui
clone;https://github.com/pvorb/node-clone
clone_deep;https://github.com/jonschlinkert/clone-deep
color_convert;https://github.com/Qix-/color-convert
color_name;https://github.com/colorjs/color-name
color_name;https://github.com/dfcreative/color-name
color_parse;https://github.com/colorjs/color-parse
colord;https://github.com/omgovich/colord
colorette;https://github.com/jorgebucaran/colorette
combined_stream;https://github.com/felixge/node-combined-stream
commander;https://github.com/tj/commander.js
comment_json;https://github.com/kaelzhang/node-comment-json
composer_installers;https://github.com/composer/installers/blob/main/LICENSE
composer_semver;https://github.com/composer/semver/blob/main/LICENSE
concat_map;https://github.com/substack/node-concat-map
configstore;https://github.com/yeoman/configstore
confusing_browser_globals;https://github.com/facebook/create-react-app
consolidation_annotated_command;https://github.com/consolidation/annotated-command/blob/4.x/LICENSE
consolidation_config;https://github.com/consolidation/config/blob/main/LICENSE
consolidation_filter_via_dot_access_data;https://github.com/consolidation/filter-via-dot-access-data/blob/main/LICENSE
consolidation_log;https://github.com/consolidation/log/blob/3.x/LICENSE
consolidation_output_formatters;https://github.com/consolidation/output-formatters/blob/4.x/LICENSE
consolidation_robo;https://github.com/consolidation/robo/blob/4.x/LICENSE
consolidation_self_update;https://github.com/consolidation/self-update/blob/main/LICENSE
consolidation_site_alias;https://github.com/consolidation/site-alias/blob/main/LICENSE
consolidation_site_process;https://github.com/consolidation/site-process/blob/main/LICENSE
core_util_is;https://github.com/isaacs/core-util-is
cosmiconfig;https://github.com/cosmiconfig/cosmiconfig
cross_spawn;https://github.com/moxystudio/node-cross-spawn
crypto_random_string;https://github.com/sindresorhus/crypto-random-string
cspell;https://github.com/streetsidesoftware/cspell
cspell_dictionary;https://github.com/streetsidesoftware/cspell
cspell_gitignore;https://github.com/streetsidesoftware/cspell
cspell_glob;https://github.com/streetsidesoftware/cspell
cspell_grammar;https://github.com/streetsidesoftware/cspell
cspell_io;https://github.com/streetsidesoftware/cspell
cspell_lib;https://github.com/streetsidesoftware/cspell
cspell_trie_lib;https://github.com/streetsidesoftware/cspell
css_blank_pseudo;https://github.com/csstools/postcss-plugins
css_functions_list;https://github.com/niksy/css-functions-list
css_has_pseudo;https://github.com/csstools/postcss-plugins
css_prefers_color_scheme;https://github.com/csstools/postcss-plugins
css_tree;https://github.com/csstree/csstree
cssdb;https://github.com/csstools/cssdb
cssesc;https://github.com/mathiasbynens/cssesc
cssstyle;https://github.com/jsdom/cssstyle
cuint;https://github.com/pierrec/js-cuint
data_urls;https://github.com/jsdom/data-urls
debug;https://github.com/debug-js/debug
debug;https://github.com/visionmedia/debug
decamelize;https://github.com/sindresorhus/decamelize
decamelize_keys;https://github.com/sindresorhus/decamelize-keys
decimal.js;https://github.com/MikeMcl/decimal.js
deep_eql;https://github.com/chaijs/deep-eql
deep_is;https://github.com/thlorenz/deep-is
deepmerge;https://github.com/TehShrike/deepmerge
defaults;https://github.com/sindresorhus/node-defaults
define_lazy_prop;https://github.com/sindresorhus/define-lazy-prop
define_properties;https://github.com/ljharb/define-properties
delayed_stream;https://github.com/felixge/node-delayed-stream
dflydev_dot_access_data;https://github.com/dflydev/dflydev-dot-access-data/blob/main/LICENSE
didyoumean;https://github.com/dcporter/didyoumean.js
diff;https://github.com/kpdecker/jsdiff
dir_glob;https://github.com/kevva/dir-glob
doctrine;https://github.com/eslint/doctrine
doctrine_annotations;https://github.com/doctrine/annotations/blob/2.0.x/LICENSE
doctrine_deprecations;https://github.com/doctrine/deprecations/blob/1.1.x/LICENSE
doctrine_lexer;https://github.com/doctrine/lexer/blob/3.0.x/LICENSE
domexception;https://github.com/jsdom/domexception
dot_prop;https://github.com/sindresorhus/dot-prop
dotenv;https://github.com/motdotla/dotenv
dotenv_safe;https://github.com/rolodato/dotenv-safe
drupal_core;https://github.com/drupal/core/blob/11.x/LICENSE.txt
drupal_core_composer_scaffold;https://github.com/drupal/core-composer-scaffold/blob/11.x/LICENSE.txt
drupal_core_project_message;https://github.com/drupal/core-project-message/blob/11.x/LICENSE.txt
drupal_core_recommended;https://github.com/drupal/core/blob/11.x/LICENSE.txt
drupal_core_vendor_hardening;https://github.com/drupal/core-vendor-hardening/blob/11.x/LICENSE.txt
drush_drush;https://packagist.org/packages/drush/drush
egulias_email_validator;https://github.com/egulias/EmailValidator/blob/4.x/LICENSE
ejs;https://github.com/mde/ejs
electron_to_chromium;https://github.com/kilian/electron-to-chromium
emoji_regex;https://github.com/mathiasbynens/emoji-regex
enhanced_resolve;https://github.com/webpack/enhanced-resolve
entities;https://github.com/fb55/entities
envinfo;https://github.com/tabrindle/envinfo
error_ex;https://github.com/qix-/node-error-ex
es_abstract;https://github.com/ljharb/es-abstract
es_module_lexer;https://github.com/guybedford/es-module-lexer
es_set_tostringtag;https://github.com/es-shims/es-set-tostringtag
es_shim_unscopables;https://github.com/ljharb/es-shim-unscopables
es_to_primitive;https://github.com/ljharb/es-to-primitive
escalade;https://github.com/lukeed/escalade
escape_string_regexp;https://github.com/sindresorhus/escape-string-regexp
eslint;https://github.com/eslint/eslint
eslint_config_airbnb_base;https://github.com/airbnb/javascript
eslint_config_prettier;https://github.com/prettier/eslint-config-prettier
eslint_import_resolver_node;https://github.com/import-js/eslint-plugin-import
eslint_module_utils;https://github.com/import-js/eslint-plugin-import
eslint_plugin_import;https://github.com/import-js/eslint-plugin-import
eslint_plugin_jquery;https://github.com/dgraham/eslint-plugin-jquery
eslint_plugin_prettier;https://github.com/prettier/eslint-plugin-prettier
eslint_plugin_yml;https://github.com/ota-meshi/eslint-plugin-yml
eslint_scope;https://github.com/eslint/eslint-scope
eslint_visitor_keys;https://github.com/eslint/eslint-visitor-keys
espree;https://github.com/eslint/espree
esprima;https://github.com/jquery/esprima
esquery;https://github.com/estools/esquery
esrecurse;https://github.com/estools/esrecurse
estraverse;https://github.com/estools/estraverse
esutils;https://github.com/estools/esutils
events;https://github.com/Gozala/events
fast_deep_equal;https://github.com/epoberezkin/fast-deep-equal
fast_diff;https://github.com/jhchen/fast-diff
fast_equals;https://github.com/planttheidea/fast-equals
fast_glob;https://github.com/mrmlnc/fast-glob
fast_json_stable_stringify;https://github.com/epoberezkin/fast-json-stable-stringify
fast_levenshtein;https://github.com/hiddentao/fast-levenshtein
fastest_levenshtein;https://github.com/ka-weihe/fastest-levenshtein
fastq;https://github.com/mcollina/fastq
file_entry_cache;https://github.com/royriojas/file-entry-cache
filelist;https://github.com/mde/filelist
fill_range;https://github.com/jonschlinkert/fill-range
find_up;https://github.com/sindresorhus/find-up
flat;https://github.com/hughsk/flat
flat_cache;https://github.com/royriojas/flat-cache
flatted;https://github.com/WebReflection/flatted
for_each;https://github.com/Raynos/for-each
form_data;https://github.com/form-data/form-data
fraction.js;https://github.com/infusion/Fraction.js
fs_extra;https://github.com/jprichardson/node-fs-extra
fs.realpath;https://github.com/isaacs/fs.realpath
fsevents;https://github.com/fsevents/fsevents
function_bind;https://github.com/Raynos/function-bind
function.prototype.name;https://github.com/es-shims/Function.prototype.name
functions_have_names;https://github.com/inspect-js/functions-have-names
gensequence;https://github.com/streetsidesoftware/GenSequence
get_caller_file;https://github.com/stefanpenner/get-caller-file
get_func_name;https://github.com/chaijs/get-func-name
get_intrinsic;https://github.com/ljharb/get-intrinsic
get_stdin;https://github.com/sindresorhus/get-stdin
get_symbol_description;https://github.com/inspect-js/get-symbol-description
glob;https://github.com/isaacs/node-glob
glob_parent;https://github.com/gulpjs/glob-parent
glob_to_regexp;https://github.com/fitzgen/glob-to-regexp
global_dirs;https://github.com/sindresorhus/global-dirs
global_modules;https://github.com/jonschlinkert/global-modules
global_prefix;https://github.com/jonschlinkert/global-prefix
globals;https://github.com/sindresorhus/globals
globalthis;https://github.com/ljharb/System.global
globby;https://github.com/sindresorhus/globby
globjoin;https://github.com/amobiz/globjoin
gopd;https://github.com/ljharb/gopd
graceful_fs;https://github.com/isaacs/node-graceful-fs
graphemer;https://github.com/flmnt/graphemer
grasmash_expander;https://github.com/grasmash/expander/blob/main/LICENSE.md
grasmash_yaml_cli;https://github.com/grasmash/yaml-cli/blob/3.x/LICENSE.md
growl;https://github.com/tj/node-growl
guzzlehttp_guzzle;https://github.com/guzzle/guzzle/blob/7.8/LICENSE
guzzlehttp_promises;https://github.com/guzzle/promises/blob/2.0/LICENSE
guzzlehttp_psr7;https://github.com/guzzle/psr7/blob/2.6/LICENSE
hard_rejection;https://github.com/sindresorhus/hard-rejection
has;https://github.com/tarruda/has
has_bigints;https://github.com/ljharb/has-bigints
has_flag;https://github.com/sindresorhus/has-flag
has_own_prop;https://github.com/sindresorhus/has-own-prop
has_property_descriptors;https://github.com/inspect-js/has-property-descriptors
has_proto;https://github.com/inspect-js/has-proto
has_symbols;https://github.com/inspect-js/has-symbols
has_tostringtag;https://github.com/inspect-js/has-tostringtag
he;https://github.com/mathiasbynens/he
hosted_git_info;https://github.com/npm/hosted-git-info
html_encoding_sniffer;https://github.com/jsdom/html-encoding-sniffer
html_tags;https://github.com/sindresorhus/html-tags
http_proxy_agent;https://github.com/TooTallNate/node-http-proxy-agent
https_proxy_agent;https://github.com/TooTallNate/node-https-proxy-agent
iconv_lite;https://github.com/ashtuchkin/iconv-lite
ieee754;https://github.com/feross/ieee754
ignore;https://github.com/kaelzhang/node-ignore
immediate;https://github.com/calvinmetcalf/immediate
import_fresh;https://github.com/sindresorhus/import-fresh
import_lazy;https://github.com/sindresorhus/import-lazy
import_local;https://github.com/sindresorhus/import-local
import_meta_resolve;https://github.com/wooorm/import-meta-resolve
imurmurhash;https://rawhubusercontent.com/jensyt/imurmurhash-js/master/LICENSE
indent_string;https://github.com/sindresorhus/indent-string
inflight;https://github.com/npm/inflight
inherits;https://github.com/isaacs/inherits
ini;https://github.com/isaacs/ini
internal_slot;https://github.com/ljharb/internal-slot
interpret;https://github.com/gulpjs/interpret
is_array_buffer;https://github.com/inspect-js/is-array-buffer
is_arrayish;https://github.com/qix-/node-is-arrayish
is_bigint;https://github.com/inspect-js/is-bigint
is_binary_path;https://github.com/sindresorhus/is-binary-path
is_boolean_object;https://github.com/inspect-js/is-boolean-object
is_callable;https://github.com/inspect-js/is-callable
is_core_module;https://github.com/inspect-js/is-core-module
is_date_object;https://github.com/inspect-js/is-date-object
is_docker;https://github.com/sindresorhus/is-docker
is_extglob;https://github.com/jonschlinkert/is-extglob
is_fullwidth_code_point;https://github.com/sindresorhus/is-fullwidth-code-point
is_glob;https://github.com/micromatch/is-glob
is_interactive;https://github.com/sindresorhus/is-interactive
is_negative_zero;https://github.com/inspect-js/is-negative-zero
is_number;https://github.com/jonschlinkert/is-number
is_number_object;https://github.com/inspect-js/is-number-object
is_obj;https://github.com/sindresorhus/is-obj
is_path_inside;https://github.com/sindresorhus/is-path-inside
is_plain_obj;https://github.com/sindresorhus/is-plain-obj
is_plain_obj;https://github.com/sindresorhus/is-plain-obj
is_plain_object;https://github.com/jonschlinkert/is-plain-object
is_plain_object;https://rawhubusercontent.com/jonschlinkert/is-plain-object/master/LICENSE
is_potential_custom_element_name;https://github.com/mathiasbynens/is-potential-custom-element-name
is_regex;https://github.com/inspect-js/is-regex
is_shared_array_buffer;https://github.com/inspect-js/is-shared-array-buffer
is_string;https://github.com/ljharb/is-string
is_symbol;https://github.com/inspect-js/is-symbol
is_typed_array;https://github.com/inspect-js/is-typed-array
is_typedarray;https://github.com/hughsk/is-typedarray
is_unicode_supported;https://github.com/sindresorhus/is-unicode-supported
is_weakref;https://github.com/inspect-js/is-weakref
is_wsl;https://github.com/sindresorhus/is-wsl
isarray;https://github.com/juliangruber/isarray
isexe;https://github.com/isaacs/isexe
isobject;https://github.com/jonschlinkert/isobject
jake;https://github.com/jakejs/jake
jest_worker;https://github.com/facebook/jest
jquery;https://github.com/jquery/jquery
jquery_form;https://github.com/jquery-form/form
jquery_ui;https://github.com/jquery/jquery-ui
js_cookie;https://github.com/js-cookie/js-cookie
js_tokens;https://github.com/lydell/js-tokens
js_yaml;https://github.com/nodeca/js-yaml
jsdom;https://github.com/jsdom/jsdom
json_parse_even_better_errors;https://github.com/npm/json-parse-even-better-errors
json_schema_traverse;https://github.com/epoberezkin/json-schema-traverse
json_stable_stringify_without_jsonify;https://github.com/samn/json-stable-stringify
json5;https://github.com/json5/json5
jsonfile;https://github.com/jprichardson/node-jsonfile
jszip;https://github.com/Stuk/jszip/blob/main/LICENSE.markdown
kind_of;https://github.com/jonschlinkert/kind-of
known_css_properties;https://github.com/known-css/known-css-properties
league_container;https://github.com/thephpleague/container/blob/4.x/LICENSE.md
levn;https://github.com/gkz/levn
lie;https://github.com/calvinmetcalf/lie
lines_and_columns;https://github.com/eventualbuddha/lines-and-columns
loader_runner;https://github.com/webpack/loader-runner
loadjs;https://github.com/muicss/loadjs
locate_path;https://github.com/sindresorhus/locate-path
lodash;https://github.com/lodash/lodash
lodash_es;https://github.com/lodash/lodash
lodash._arraycopy;https://rawhubusercontent.com/lodash/lodash/master/LICENSE
lodash._arrayeach;https://rawhubusercontent.com/lodash/lodash/master/LICENSE
lodash._baseassign;https://github.com/lodash/lodash
lodash._baseclone;https://github.com/lodash/lodash
lodash._basecopy;https://rawhubusercontent.com/lodash/lodash/master/LICENSE
lodash._basefor;https://github.com/lodash/lodash
lodash._bindcallback;https://rawhubusercontent.com/lodash/lodash/master/LICENSE
lodash._getnative;https://github.com/lodash/lodash
lodash._isiterateecall;https://github.com/lodash/lodash
lodash.clone;https://github.com/lodash/lodash
lodash.defaultsdeep;https://github.com/lodash/lodash
lodash.escape;https://github.com/lodash/lodash
lodash.isarguments;https://github.com/lodash/lodash
lodash.isarray;https://github.com/lodash/lodash
lodash.keys;https://github.com/lodash/lodash
lodash.merge;https://github.com/lodash/lodash
lodash.truncate;https://github.com/lodash/lodash
log_symbols;https://github.com/sindresorhus/log-symbols
loupe;https://github.com/chaijs/loupe
lru_cache;https://github.com/isaacs/node-lru-cache
make_dir;https://github.com/sindresorhus/make-dir
map_obj;https://github.com/sindresorhus/map-obj
map_obj;https://github.com/sindresorhus/map-obj
masterminds_html5;https://github.com/Masterminds/html5-php/blob/master/LICENSE.txt
mathml_tag_names;https://github.com/wooorm/mathml-tag-names
mck89_peast;https://github.com/mck89/peast/blob/master/LICENSE
mdn_data;https://github.com/mdn/data
meow;https://github.com/sindresorhus/meow
merge_stream;https://github.com/grncdr/merge-stream
merge2;https://github.com/teambition/merge2
micromatch;https://github.com/micromatch/micromatch
mime;https://github.com/broofa/mime
mime_db;https://github.com/jshttp/mime-db
mime_types;https://github.com/jshttp/mime-types
mimic_fn;https://github.com/sindresorhus/mimic-fn
min_indent;https://github.com/thejameskyle/min-indent
minimatch;https://github.com/isaacs/minimatch
minimist;https://github.com/minimistjs/minimist
minimist;https://github.com/substack/minimist
minimist_options;https://github.com/vadimdemedes/minimist-options
mkdirp;https://github.com/isaacs/node-mkdirp
mkpath;https://github.com/jrajav/mkpath
mocha;https://github.com/mochajs/mocha
ms;https://github.com/vercel/ms
ms;https://github.com/zeit/ms
nanoid;https://github.com/ai/nanoid
natural_compare;https://github.com/litejs/natural-compare-lite
neo_async;https://github.com/suguru03/neo-async
nightwatch;https://github.com/nightwatchjs/nightwatch
nightwatch_axe_verbose;https://github.com/reallymello/nightwatch-axe-verbose
nikic_php_parser;https://github.com/nikic/PHP-Parser/blob/master/LICENSE
node_fetch;https://github.com/bitinn/node-fetch
node_releases;https://github.com/chicoxyzzy/node-releases
normalize_package_data;https://github.com/npm/normalize-package-data
normalize_path;https://github.com/jonschlinkert/normalize-path
normalize_range;https://github.com/jamestalmage/normalize-range
normalize.css;https://github.com/necolas/normalize.css
nwsapi;https://github.com/dperini/nwsapi
object_inspect;https://github.com/inspect-js/object-inspect
object_keys;https://github.com/ljharb/object-keys
object.assign;https://github.com/ljharb/object.assign
object.entries;https://github.com/es-shims/Object.entries
object.values;https://github.com/es-shims/Object.values
once;https://github.com/isaacs/once
onetime;https://github.com/sindresorhus/onetime
open;https://github.com/sindresorhus/open
optionator;https://github.com/gkz/optionator
ora;https://github.com/sindresorhus/ora
p_limit;https://github.com/sindresorhus/p-limit
p_locate;https://github.com/sindresorhus/p-locate
p_try;https://github.com/sindresorhus/p-try
pako;https://github.com/nodeca/pako/blob/master/LICENSE
parent_module;https://github.com/sindresorhus/parent-module
parse_json;https://github.com/sindresorhus/parse-json
parse5;https://github.com/inikulin/parse5
path_exists;https://github.com/sindresorhus/path-exists
path_is_absolute;https://github.com/sindresorhus/path-is-absolute
path_key;https://github.com/sindresorhus/path-key
path_parse;https://github.com/jbgutierrez/path-parse
path_type;https://github.com/sindresorhus/path-type
pathval;https://github.com/chaijs/pathval
pear_archive_tar;https://github.com/pear/Archive_Tar/blob/master/composer.json#L10
pear_console_getopt;https://github.com/pear/Console_Getopt/blob/master/LICENSE
pear_pear_core_minimal;https://github.com/pear/pear-core-minimal/blob/master/composer.json#L4
pear_pear_exception;https://github.com/pear/PEAR_Exception/blob/master/LICENSE
phootwork_collection;https://github.com/footworkjs/footwork/blob/master/LICENSE
phootwork_lang;https://github.com/footworkjs/footwork/blob/master/LICENSE
phpowermove_docblock;https://github.com/phpowermove/docblock/blob/master/LICENSE
picocolors;https://github.com/alexeyraspopov/picocolors
picomatch;https://github.com/micromatch/picomatch
pify;https://github.com/sindresorhus/pify
pkg_dir;https://github.com/sindresorhus/pkg-dir
postcss;https://github.com/postcss/postcss
postcss_attribute_case_insensitive;https://github.com/csstools/postcss-plugins
postcss_clamp;https://github.com/polemius/postcss-clamp
postcss_color_functional_notation;https://github.com/csstools/postcss-plugins
postcss_color_hex_alpha;https://github.com/csstools/postcss-plugins
postcss_color_rebeccapurple;https://github.com/csstools/postcss-plugins
postcss_custom_media;https://github.com/csstools/postcss-plugins
postcss_custom_properties;https://github.com/csstools/postcss-plugins
postcss_custom_selectors;https://github.com/csstools/postcss-plugins
postcss_dir_pseudo_class;https://github.com/csstools/postcss-plugins
postcss_double_position_gradients;https://github.com/csstools/postcss-plugins
postcss_focus_visible;https://github.com/csstools/postcss-plugins
postcss_focus_within;https://github.com/csstools/postcss-plugins
postcss_font_variant;https://github.com/postcss/postcss-font-variant
postcss_gap_properties;https://github.com/csstools/postcss-plugins
postcss_header;https://github.com/fengyuanchen/postcss-header
postcss_image_set_function;https://github.com/csstools/postcss-plugins
postcss_import;https://github.com/postcss/postcss-import
postcss_initial;https://github.com/maximkoretskiy/postcss-initial
postcss_lab_function;https://github.com/csstools/postcss-plugins
postcss_logical;https://github.com/csstools/postcss-plugins
postcss_nesting;https://github.com/csstools/postcss-plugins
postcss_opacity_percentage;https://github.com/mrcgrtz/postcss-opacity-percentage
postcss_overflow_shorthand;https://github.com/csstools/postcss-plugins
postcss_page_break;https://github.com/shrpne/postcss-page-break
postcss_place;https://github.com/csstools/postcss-plugins
postcss_preset_env;https://github.com/csstools/postcss-plugins
postcss_pseudo_class_any_link;https://github.com/csstools/postcss-plugins
postcss_pxtorem;https://github.com/cuth/postcss-pxtorem
postcss_replace_overflow_wrap;https://github.com/MattDiMu/postcss-replace-overflow-wrap
postcss_resolve_nested_selector;https://registry.npmjs.org/postcss-resolve-nested-selector/0.1.1
postcss_safe_parser;https://github.com/postcss/postcss-safe-parser
postcss_selector_not;https://github.com/csstools/postcss-plugins
postcss_selector_parser;https://github.com/postcss/postcss-selector-parser
postcss_sorting;https://github.com/hudochenkov/postcss-sorting
postcss_url;https://github.com/postcss/postcss-url
postcss_value_parser;https://github.com/TrySound/postcss-value-parser
prelude_ls;https://github.com/gkz/prelude-ls
prettier;https://github.com/prettier/prettier
prettier_linter_helpers;https://github.com/prettier/prettier-linter-helpers
process_nextick_args;https://github.com/calvinmetcalf/process-nextick-args
psl;https://github.com/lupomontero/psl
psr_cache;https://github.com/php-fig/cache/blob/master/LICENSE.txt
psr_container;https://github.com/php-fig/container/blob/master/LICENSE
psr_event_dispatcher;https://github.com/php-fig/event-dispatcher/blob/master/LICENSE
psr_http_client;https://github.com/php-fig/http-client/blob/master/LICENSE
psr_http_factory;https://github.com/php-fig/http-factory/blob/master/LICENSE
psr_http_message;https://github.com/php-fig/http-message/blob/master/LICENSE
psr_log;https://github.com/php-fig/log/blob/master/LICENSE
psy_psysh;https://github.com/bobthecow/psysh/blob/main/LICENSE
punycode;https://github.com/mathiasbynens/punycode.js
querystringify;https://github.com/unshiftio/querystringify
queue_microtask;https://github.com/feross/queue-microtask
quick_lru;https://github.com/sindresorhus/quick-lru
ralouphie_getallheaders;https://github.com/ralouphie/getallheaders/blob/develop/LICENSE
randombytes;https://github.com/crypto-browserify/randombytes
read_cache;https://github.com/TrySound/read-cache
read_pkg;https://github.com/sindresorhus/read-pkg
read_pkg_up;https://github.com/sindresorhus/read-pkg-up
readable_stream;https://github.com/nodejs/readable-stream
readdirp;https://github.com/paulmillr/readdirp
rechoir;https://github.com/gulpjs/rechoir
redent;https://github.com/sindresorhus/redent
regexp.prototype.flags;https://github.com/es-shims/RegExp.prototype.flags
repeat_string;https://github.com/jonschlinkert/repeat-string
require_directory;https://github.com/troygoode/node-require-directory
require_from_string;https://github.com/floatdrop/require-from-string
requires_port;https://github.com/unshiftio/requires-port
resolve;https://github.com/browserify/resolve
resolve_cwd;https://github.com/sindresorhus/resolve-cwd
resolve_from;https://github.com/sindresorhus/resolve-from
resolve_global;https://github.com/sindresorhus/resolve-global
restore_cursor;https://github.com/sindresorhus/restore-cursor
reusify;https://github.com/mcollina/reusify
rimraf;https://github.com/isaacs/rimraf
rrweb_cssom;https://github.com/rrweb-io/CSSOM
run_parallel;https://github.com/feross/run-parallel
safe_buffer;https://github.com/feross/safe-buffer
safe_regex_test;https://github.com/ljharb/safe-regex-test
safer_buffer;https://github.com/ChALkeR/safer-buffer
saxes;https://github.com/lddubeau/saxes
schema_utils;https://github.com/webpack/schema-utils
sebastian_diff;https://github.com/sebastianbergmann/diff/blob/main/LICENSE
selenium_webdriver;https://github.com/SeleniumHQ/selenium
semver;https://github.com/npm/node-semver
serialize_javascript;https://github.com/yahoo/serialize-javascript
setimmediate;https://github.com/yuzujs/setImmediate
shallow_clone;https://github.com/jonschlinkert/shallow-clone
shebang_command;https://github.com/kevva/shebang-command
shebang_regex;https://github.com/sindresorhus/shebang-regex
shepherd.js;https://github.com/shipshapecode/shepherd
side_channel;https://github.com/ljharb/side-channel
signal_exit;https://github.com/tapjs/signal-exit
slash;https://github.com/sindresorhus/slash
slice_ansi;https://github.com/chalk/slice-ansi
smoothscroll_polyfill;https://github.com/iamdustan/smoothscroll
sortablejs;https://github.com/SortableJS/Sortable
source_map;https://github.com/mozilla/source-map
source_map_js;https://github.com/7rulnik/source-map-js
source_map_support;https://github.com/evanw/node-source-map-support
spdx_correct;https://github.com/jslicense/spdx-correct.js
spdx_exceptions;https://github.com/kemitchell/spdx-exceptions.json
spdx_expression_parse;https://github.com/jslicense/spdx-expression-parse.js
spdx_license_ids;https://github.com/jslicense/spdx-license-ids
stacktrace_parser;https://github.com/errwischt/stacktrace-parser
string_width;https://github.com/sindresorhus/string-width
string.prototype.trim;https://github.com/es-shims/String.prototype.trim
string.prototype.trimend;https://github.com/es-shims/String.prototype.trimEnd
string.prototype.trimstart;https://github.com/es-shims/String.prototype.trimStart
string_decoder;https://github.com/nodejs/string_decoder
strip_ansi;https://github.com/chalk/strip-ansi
strip_bom;https://github.com/sindresorhus/strip-bom
strip_indent;https://github.com/sindresorhus/strip-indent
strip_json_comments;https://github.com/sindresorhus/strip-json-comments
style_search;https://github.com/davidtheclark/style-search
stylelint;https://github.com/stylelint/stylelint
stylelint_checkstyle_formatter;https://github.com/stylelint/stylelint-checkstyle-formatter
stylelint_config_recommended;https://github.com/stylelint/stylelint-config-recommended
stylelint_config_standard;https://github.com/stylelint/stylelint-config-standard
stylelint_order;https://github.com/hudochenkov/stylelint-order
supports_color;https://github.com/chalk/supports-color
supports_hyperlinks;https://github.com/jamestalmage/supports-hyperlinks
supports_preserve_symlinks_flag;https://github.com/inspect-js/node-supports-preserve-symlinks-flag
svg_tags;https://github.com/element-io/svg-tags/blob/master/LICENSE
symbol_tree;https://github.com/jsdom/js-symbol-tree
symfony_console;https://github.com/symfony/console/blob/7.0/LICENSE
symfony_dependency_injection;https://github.com/symfony/dependency-injection/blob/7.0/LICENSE
symfony_deprecation_contracts;https://github.com/symfony/deprecation-contracts/blob/main/LICENSE
symfony_error_handler;https://github.com/symfony/error-handler/blob/7.0/LICENSE
symfony_event_dispatcher;https://github.com/symfony/event-dispatcher/blob/7.0/LICENSE
symfony_event_dispatcher_contracts;https://github.com/symfony/event-dispatcher-contracts/blob/main/LICENSE
symfony_filesystem;https://github.com/symfony/filesystem/blob/7.0/LICENSE
symfony_finder;https://github.com/symfony/finder/blob/7.0/LICENSE
symfony_http_foundation;https://github.com/symfony/http-foundation/blob/7.0/LICENSE
symfony_http_kernel;https://github.com/symfony/http-kernel/blob/7.0/LICENSE
symfony_mime;https://github.com/symfony/mime/blob/7.0/LICENSE
symfony_polyfill_ctype;https://github.com/symfony/polyfill-ctype/blob/1.x/LICENSE
symfony_polyfill_iconv;https://github.com/symfony/polyfill-iconv/blob/1.x/LICENSE
symfony_polyfill_intl_grapheme;https://github.com/symfony/polyfill-intl-grapheme/blob/1.x/LICENSE
symfony_polyfill_intl_idn;https://github.com/symfony/polyfill-intl-idn/blob/1.x/LICENSE
symfony_polyfill_intl_normalizer;https://github.com/symfony/polyfill-intl-normalizer/blob/1.x/LICENSE
symfony_polyfill_mbstring;https://github.com/symfony/polyfill-mbstring/blob/1.x/LICENSE
symfony_polyfill_php72;https://github.com/symfony/polyfill-php72/blob/1.x/LICENSE
symfony_polyfill_php80;https://github.com/symfony/polyfill-php80/blob/1.x/LICENSE
symfony_polyfill_php81;https://github.com/symfony/polyfill-php81/blob/1.x/LICENSE
symfony_polyfill_php83;https://github.com/symfony/polyfill-php83/blob/1.x/LICENSE
symfony_process;https://github.com/symfony/process/blob/7.0/LICENSE
symfony_psr_http_message_bridge;https://github.com/symfony/psr-http-message-bridge/blob/7.0/LICENSE
symfony_routing;https://github.com/symfony/routing/blob/7.0/LICENSE
symfony_serializer;https://github.com/symfony/serializer/blob/7.0/LICENSE
symfony_service_contracts;https://github.com/symfony/service-contracts/blob/main/LICENSE
symfony_string;https://github.com/symfony/string/blob/7.0/LICENSE
symfony_translation_contracts;https://github.com/symfony/translation-contracts/blob/main/LICENSE
symfony_validator;https://github.com/symfony/validator/blob/7.0/LICENSE
symfony_var_dumper;https://github.com/symfony/var-dumper/blob/7.0/LICENSE
symfony_var_exporter;https://github.com/symfony/var-exporter/blob/7.0/LICENSE
symfony_yaml;https://github.com/symfony/yaml/blob/7.0/LICENSE
tabbable;https://github.com/focus-trap/tabbable
table;https://github.com/gajus/table
tapable;https://github.com/webpack/tapable
terser;https://github.com/terser/terser
terser_webpack_plugin;https://github.com/webpack-contrib/terser-webpack-plugin
text_table;https://github.com/substack/text-table
tmp;https://github.com/raszi/node-tmp
to_regex_range;https://github.com/micromatch/to-regex-range
tough_cookie;https://github.com/salesforce/tough-cookie
tr46;https://github.com/jsdom/tr46
trim_newlines;https://github.com/sindresorhus/trim-newlines
tsconfig_paths;https://rawhubusercontent.com/dividab/tsconfig-paths/master/LICENSE
twig_twig;https://github.com/twigphp/Twig/blob/3.x/LICENSE
type_check;https://github.com/gkz/type-check
type_detect;https://github.com/chaijs/type-detect
type_fest;https://github.com/sindresorhus/type-fest
typed_array_byte_offset;https://github.com/inspect-js/typed-array-byte-offset
typed_array_length;https://github.com/inspect-js/typed-array-length
typedarray_to_buffer;https://github.com/feross/typedarray-to-buffer
unbox_primitive;https://github.com/ljharb/unbox-primitive
underscore;https://github.com/jashkenas/underscore
unique_string;https://github.com/sindresorhus/unique-string
universalify;https://github.com/RyanZim/universalify
update_browserslist_db;https://github.com/browserslist/update-db
uri_js;https://github.com/garycourt/uri-js
url_parse;https://github.com/unshiftio/url-parse
util_deprecate;https://github.com/TooTallNate/util-deprecate
uuid;https://github.com/uuidjs/uuid
validate_npm_package_license;https://github.com/kemitchell/validate-npm-package-license.js
vanilla_colorful;https://github.com/web-padawan/vanilla-colorful
vscode_languageserver_textdocument;https://github.com/Microsoft/vscode-languageserver-node
vscode_uri;https://github.com/microsoft/vscode-uri
w3c_xmlserializer;https://github.com/jsdom/w3c-xmlserializer
watchpack;https://github.com/webpack/watchpack
wcwidth;https://github.com/timoxley/wcwidth
webflo_drupal_finder;https://github.com/webflo/drupal-finder/blob/master/LICENSE.txt
webidl_conversions;https://github.com/jsdom/webidl-conversions
webpack;https://github.com/webpack/webpack
webpack_cli;https://github.com/webpack/webpack-cli
webpack_merge;https://github.com/survivejs/webpack-merge
webpack_sources;https://github.com/webpack/webpack-sources
whatwg_encoding;https://github.com/jsdom/whatwg-encoding
whatwg_mimetype;https://github.com/jsdom/whatwg-mimetype
whatwg_url;https://github.com/jsdom/whatwg-url
which;https://github.com/isaacs/node-which
which_boxed_primitive;https://github.com/inspect-js/which-boxed-primitive
which_typed_array;https://github.com/inspect-js/which-typed-array
widest_line;https://github.com/sindresorhus/widest-line
wildcard;https://github.com/DamonOehlman/wildcard
workerpool;https://github.com/josdejong/workerpool
wrap_ansi;https://github.com/chalk/wrap-ansi
wrappy;https://github.com/npm/wrappy
write_file_atomic;https://github.com/npm/write-file-atomic
write_file_atomic;https://github.com/npm/write-file-atomic
ws;https://github.com/websockets/ws
xdg_basedir;https://github.com/sindresorhus/xdg-basedir
xml_name_validator;https://github.com/jsdom/xml-name-validator
xmlchars;https://github.com/lddubeau/xmlchars
xxhashjs;https://github.com/pierrec/js-xxhash
y18n;https://github.com/yargs/y18n
yallist;https://github.com/isaacs/yallist
yaml;https://github.com/eemeli/yaml
yaml_eslint_parser;https://github.com/ota-meshi/yaml-eslint-parser
yargs;https://github.com/yargs/yargs
yargs_parser;https://github.com/yargs/yargs-parser
yargs_unparser;https://github.com/yargs/yargs-unparser
yocto_queue;https://github.com/sindresorhus/yocto-queue
