SparseBitSet;https://github.com/brettwooldridge/SparseBitSet
animal-sniffer-annotations;https://raw.githubusercontent.com/mojohaus/animal-sniffer/master/LICENSE
annotations;https://github.com/JetBrains/intellij-community
annotations;https://github.com/JetBrains/intellij-community
annotations;https://github.com/aws/aws-sdk-java-v2
annotations;https://android.git.kernel.org/
annotations;https://android.git.kernel.org/
antlr4-runtime;https://github.com/antlr/antlr4/tree/master
aopalliance-repackaged;https://github.com/eclipse-ee4j/glassfish-hk2
apache-client;https://github.com/aws/aws-sdk-java-v2
apache-mime4j-core;https://git-wip-us.apache.org/repos/asf/james-mime4j.git
apache-mime4j-dom;https://git-wip-us.apache.org/repos/asf/james-mime4j.git
api-common;https://raw.githubusercontent.com/googleapis/java-storage/main/LICENSE
apiguardian-api;https://raw.githubusercontent.com/apiguardian-team/apiguardian/main/LICENSE
argparse4j;https://github.com/argparse4j/argparse4j
arns;https://github.com/aws/aws-sdk-java-v2
asm;https://gitlab.ow2.org/asm/asm/-/raw/master/LICENSE.txt?ref_type=heads
asm-analysis;https://gitlab.ow2.org/asm/asm/-/raw/master/LICENSE.txt?ref_type=heads
asm-commons;https://gitlab.ow2.org/asm/asm/-/raw/master/LICENSE.txt?ref_type=heads
asm-tree;https://gitlab.ow2.org/asm/asm/-/raw/master/LICENSE.txt?ref_type=heads
auth;https://github.com/aws/aws-sdk-java-v2
auto-value-annotations;http://github.com/google/auto
avatica-core;https://raw.githubusercontent.com/apache/calcite-avatica/master/LICENSE
avatica-metrics;https://raw.githubusercontent.com/apache/calcite-avatica/master/LICENSE
avro;http://svn.apache.org/viewvc/avro/trunk
aws-core;https://github.com/aws/aws-sdk-java-v2
aws-query-protocol;https://github.com/aws/aws-sdk-java-v2
aws-xml-protocol;https://github.com/aws/aws-sdk-java-v2
bcmail-jdk15on;https://raw.githubusercontent.com/bcgit/bc-java/main/LICENSE.html
bcpkix-jdk15on;https://raw.githubusercontent.com/bcgit/bc-java/main/LICENSE.html
bcprov-jdk15on;https://raw.githubusercontent.com/bcgit/bc-java/main/LICENSE.html
bcutil-jdk15on;https://raw.githubusercontent.com/bcgit/bc-java/main/LICENSE.html
boilerpipe;https://raw.githubusercontent.com/kohlschutter/boilerpipe/master/LICENSE
bzip2;http://jbzip2.googlecode.com/svn/trunk/
c3p0;https://raw.githubusercontent.com/swaldman/c3p0/0.10.x/LICENSE
caffeine;https://raw.githubusercontent.com/ben-manes/caffeine/master/LICENSE
calcite-core;https://raw.githubusercontent.com/apache/calcite/master/LICENSE
calcite-linq4j;https://raw.githubusercontent.com/apache/calcite/master/LICENSE
carrot2-core;https://raw.githubusercontent.com/carrot2/carrot2/master/carrot2.LICENSE
cdm;https://github.com/Unidata/netcdf-java/blob/maint-5.x/LICENSE
checker-qual;https://raw.githubusercontent.com/typetools/checker-framework/master/LICENSE.txt
commons-beanutils;http://svn.apache.org/viewvc/commons/proper/beanutils/tags/BEANUTILS_1_9_3_RC3
commons-cli;http://svn.apache.org/viewvc/commons/proper/cli/branches/cli-1.x/
commons-cli;https://gitbox.apache.org/repos/asf?p=commons-cli.git
commons-codec;https://github.com/apache/commons-codec
commons-codec;https://github.com/apache/commons-codec
commons-collections;http://svn.apache.org/viewvc/commons/proper/collections/trunk
commons-collections;http://svn.apache.org/viewvc/commons/proper/collections/trunk
commons-collections4;https://git-wip-us.apache.org/repos/asf?p=commons-collections.git
commons-compiler;https://raw.githubusercontent.com/janino-compiler/janino/master/LICENSE
commons-compress;https://gitbox.apache.org/repos/asf?p=commons-compress.git
commons-compress;https://gitbox.apache.org/repos/asf?p=commons-compress.git
commons-configuration2;https://gitbox.apache.org/repos/asf?p=commons-configuration.git
commons-configuration2;https://gitbox.apache.org/repos/asf?p=commons-configuration.git
commons-csv;https://gitbox.apache.org/repos/asf?p=commons-csv.git
commons-exec;http://svn.apache.org/viewvc/commons/proper/exec/trunk
commons-io;https://gitbox.apache.org/repos/asf?p=commons-io.git
commons-io;https://gitbox.apache.org/repos/asf?p=commons-io.git
commons-lang3;https://gitbox.apache.org/repos/asf?p=commons-lang.git
commons-lang3;https://gitbox.apache.org/repos/asf?p=commons-lang.git
commons-math3;http://svn.apache.org/viewvc/commons/proper/math/trunk
commons-math3;https://git-wip-us.apache.org/repos/asf?p=commons-math.git
commons-net;https://gitbox.apache.org/repos/asf/commons-net
commons-text;https://gitbox.apache.org/repos/asf?p=commons-text.git
commons-text;https://gitbox.apache.org/repos/asf?p=commons-text.git
conscrypt-openjdk-uber;https://raw.githubusercontent.com/google/conscrypt/master/LICENSE
crt-core;https://github.com/aws/aws-sdk-java-v2
curator-client;https://raw.githubusercontent.com/apache/curator/master/LICENSE
curator-client;https://raw.githubusercontent.com/apache/curator/master/LICENSE
curator-framework;https://raw.githubusercontent.com/apache/curator/master/LICENSE
curator-framework;https://raw.githubusercontent.com/apache/curator/master/LICENSE
curator-recipes;https://raw.githubusercontent.com/apache/curator/master/LICENSE
curator-recipes;https://raw.githubusercontent.com/apache/curator/master/LICENSE
curvesapi;https://raw.githubusercontent.com/virtuald/curvesapi/master/license.txt
dd-plist;https://github.com/3breadt/dd-plist/tree/master
dec;https://raw.githubusercontent.com/google/brotli/master/LICENSE
disruptor;https://raw.githubusercontent.com/LMAX-Exchange/disruptor/master/LICENCE.txt
dnsjava;https://raw.githubusercontent.com/dnsjava/dnsjava/master/LICENSE
ehcache-core;http://svn.terracotta.org/svn/ehcache/trunk
endpoints-spi;https://github.com/aws/aws-sdk-java-v2
error_prone_annotations;https://github.com/google/error-prone
error_prone_annotations;https://github.com/google/error-prone
error_prone_annotations;https://github.com/google/error-prone
eventstream;https://raw.githubusercontent.com/awslabs/aws-eventstream-java/master/LICENSE
failureaccess;https://raw.githubusercontent.com/google/guava/master/LICENSE
failureaccess;https://raw.githubusercontent.com/google/guava/master/LICENSE
failureaccess;https://raw.githubusercontent.com/google/guava/master/LICENSE
failureaccess;https://raw.githubusercontent.com/google/guava/master/LICENSE
fontbox;http://svn.apache.org/viewvc/maven/pom/tags/2.0.26/pdfbox-parent
gapic-google-cloud-storage-v2;https://raw.githubusercontent.com/googleapis/java-storage/master/LICENSE
gax;https://raw.githubusercontent.com/googleapis/sdk-platform-java/master/LICENSE
gax-grpc;https://raw.githubusercontent.com/googleapis/sdk-platform-java/master/LICENSE
gax-httpjson;https://raw.githubusercontent.com/googleapis/sdk-platform-java/master/LICENSE
geoapi;https://raw.githubusercontent.com/opengeospatial/geoapi/master/LICENSE
google-api-client;https://raw.githubusercontent.com/googleapis/google-api-java-client/master/LICENSE
google-api-services-storage;http://svn.sonatype.org/spice/tags/oss-parent-7
google-api-services-storage-v1-rev20230907;http://svn.sonatype.org/spice/tags/oss-parent-7
google-auth-library-credentials;https://raw.githubusercontent.com/googleapis/google-auth-library-java/master/LICENSE
google-auth-library-oauth2-http;https://raw.githubusercontent.com/googleapis/google-auth-library-java/master/LICENSE
google-cloud-core;https://raw.githubusercontent.com/googleapis/sdk-platform-java/master/LICENSE
google-cloud-core-grpc;https://raw.githubusercontent.com/googleapis/sdk-platform-java/master/LICENSE
google-cloud-core-http;https://raw.githubusercontent.com/googleapis/sdk-platform-java/master/LICENSE
google-cloud-storage;https://raw.githubusercontent.com/googleapis/java-storage/master/LICENSE
google-http-client;https://raw.githubusercontent.com/googleapis/google-http-java-client/master/LICENSE
google-http-client-apache-v2;https://raw.githubusercontent.com/googleapis/google-http-java-client/master/LICENSE
google-http-client-appengine;https://raw.githubusercontent.com/googleapis/google-http-java-client/master/LICENSE
google-http-client-gson;https://raw.githubusercontent.com/googleapis/google-http-java-client/master/LICENSE
google-http-client-jackson2;https://raw.githubusercontent.com/googleapis/google-http-java-client/master/LICENSE
google-oauth-client;https://raw.githubusercontent.com/googleapis/google-oauth-java-client/master/LICENSE
grib;https://raw.githubusercontent.com/Unidata/netcdf-java/maint-5.x/LICENSE
grpc-alts;https://raw.githubusercontent.com/grpc/grpc-java/master/LICENSE
grpc-api;https://raw.githubusercontent.com/grpc/grpc-java/master/LICENSE
grpc-api;https://raw.githubusercontent.com/grpc/grpc-java/master/LICENSE
grpc-auth;https://raw.githubusercontent.com/grpc/grpc-java/master/LICENSE
grpc-context;https://raw.githubusercontent.com/grpc/grpc-java/master/LICENSE
grpc-core;https://raw.githubusercontent.com/grpc/grpc-java/master/LICENSE
grpc-core;https://raw.githubusercontent.com/grpc/grpc-java/master/LICENSE
grpc-google-cloud-storage-v2;https://raw.githubusercontent.com/grpc/grpc-java/master/LICENSE
grpc-googleapis;https://raw.githubusercontent.com/grpc/grpc-java/master/LICENSE
grpc-grpclb;https://raw.githubusercontent.com/grpc/grpc-java/master/LICENSE
grpc-netty;https://raw.githubusercontent.com/grpc/grpc-java/master/LICENSE
grpc-netty-shaded;https://raw.githubusercontent.com/grpc/grpc-java/master/LICENSE
grpc-protobuf;https://raw.githubusercontent.com/grpc/grpc-java/master/LICENSE
grpc-protobuf-lite;https://raw.githubusercontent.com/grpc/grpc-java/master/LICENSE
grpc-rls;https://raw.githubusercontent.com/grpc/grpc-java/master/LICENSE
grpc-services;https://raw.githubusercontent.com/grpc/grpc-java/master/LICENSE
grpc-stub;https://raw.githubusercontent.com/grpc/grpc-java/master/LICENSE
grpc-util;https://raw.githubusercontent.com/grpc/grpc-java/master/LICENSE
grpc-xds;https://raw.githubusercontent.com/grpc/grpc-java/master/LICENSE
gson;https://raw.githubusercontent.com/google/gson/master/LICENSE
gson;https://raw.githubusercontent.com/google/gson/master/LICENSE
gson;https://raw.githubusercontent.com/google/gson/master/LICENSE
gson;https://raw.githubusercontent.com/google/gson/master/LICENSE
gson;https://raw.githubusercontent.com/google/gson/master/LICENSE
guava;https://raw.githubusercontent.com/google/guava/master/LICENSE
guava;https://raw.githubusercontent.com/google/guava/master/LICENSE
guava;https://raw.githubusercontent.com/google/guava/master/LICENSE
hadoop-annotations;https://raw.githubusercontent.com/apache/hadoop/d1daf26b853d66a283951dbaba5f606184ed36bc/LICENSE.txt
hadoop-annotations;https://raw.githubusercontent.com/apache/hadoop/d1daf26b853d66a283951dbaba5f606184ed36bc/LICENSE.txt
hadoop-auth;https://raw.githubusercontent.com/apache/hadoop/d1daf26b853d66a283951dbaba5f606184ed36bc/LICENSE.txt
hadoop-auth;https://raw.githubusercontent.com/apache/hadoop/d1daf26b853d66a283951dbaba5f606184ed36bc/LICENSE.txt
hadoop-client;https://raw.githubusercontent.com/apache/hadoop/d1daf26b853d66a283951dbaba5f606184ed36bc/LICENSE.txt
hadoop-client-api;https://raw.githubusercontent.com/apache/hadoop/d1daf26b853d66a283951dbaba5f606184ed36bc/LICENSE.txt
hadoop-client-runtime;https://raw.githubusercontent.com/apache/hadoop/d1daf26b853d66a283951dbaba5f606184ed36bc/LICENSE.txt
hadoop-common;https://raw.githubusercontent.com/apache/hadoop/d1daf26b853d66a283951dbaba5f606184ed36bc/LICENSE.txt
hadoop-common;https://raw.githubusercontent.com/apache/hadoop/d1daf26b853d66a283951dbaba5f606184ed36bc/LICENSE.txt
hadoop-hdfs-client;https://raw.githubusercontent.com/apache/hadoop/d1daf26b853d66a283951dbaba5f606184ed36bc/LICENSE.txt
hadoop-mapreduce-client-common;https://raw.githubusercontent.com/apache/hadoop/d1daf26b853d66a283951dbaba5f606184ed36bc/LICENSE.txt
hadoop-mapreduce-client-core;https://raw.githubusercontent.com/apache/hadoop/d1daf26b853d66a283951dbaba5f606184ed36bc/LICENSE.txt
hadoop-mapreduce-client-jobclient;https://raw.githubusercontent.com/apache/hadoop/d1daf26b853d66a283951dbaba5f606184ed36bc/LICENSE.txt
hadoop-shaded-guava;https://raw.githubusercontent.com/apache/hadoop-thirdparty/trunk/LICENSE.txt
hadoop-shaded-guava;https://raw.githubusercontent.com/apache/hadoop-thirdparty/trunk/LICENSE.txt
hadoop-shaded-protobuf_3_7;https://raw.githubusercontent.com/apache/hadoop-thirdparty/trunk/LICENSE.txt
hadoop-yarn-api;https://raw.githubusercontent.com/apache/hadoop-thirdparty/trunk/LICENSE.txt
hadoop-yarn-client;https://raw.githubusercontent.com/apache/hadoop-thirdparty/trunk/LICENSE.txt
hadoop-yarn-common;https://raw.githubusercontent.com/apache/hadoop-thirdparty/trunk/LICENSE.txt
hk2-api;https://github.com/eclipse-ee4j/glassfish-hk2
hk2-locator;https://github.com/eclipse-ee4j/glassfish-hk2
hk2-utils;https://github.com/eclipse-ee4j/glassfish-hk2
hppc;https://raw.githubusercontent.com/carrotsearch/hppc/master/LICENSE.txt
http-client-spi;https://github.com/aws/aws-sdk-java-v2
http2-client;https://github.com/jetty/jetty.project
http2-common;https://github.com/jetty/jetty.project
http2-hpack;https://github.com/jetty/jetty.project
http2-http-client-transport;https://github.com/jetty/jetty.project
http2-server;https://github.com/jetty/jetty.project
httpclient;https://raw.githubusercontent.com/apache/httpcomponents-client/master/LICENSE.txt
httpclient;https://raw.githubusercontent.com/apache/httpcomponents-client/master/LICENSE.txt
httpclient5;https://raw.githubusercontent.com/apache/httpcomponents-client/master/LICENSE.txt
httpcore;http://hc.apache.org/httpcomponents-core-ga
httpcore;http://hc.apache.org/httpcomponents-core-ga
httpcore5;https://raw.githubusercontent.com/apache/httpcomponents-client/master/LICENSE.txt
httpcore5-h2;https://raw.githubusercontent.com/apache/httpcomponents-client/master/LICENSE.txt
httpmime;http://hc.apache.org/httpcomponents-client-ga
httpservices;https://raw.githubusercontent.com/Unidata/netcdf-java/maint-5.x/LICENSE
icu4j;https://raw.githubusercontent.com/unicode-org/icu/master/LICENSE
isoparser;https://github.com/tballison/mp4parser
isorelax;https://raw.githubusercontent.com/phax/ph-isorelax/master/LICENSE.txt
istack-commons-runtime;https://raw.githubusercontent.com/eclipse-ee4j/jaxb-istack-commons/master/LICENSE.md
j2objc-annotations;http://svn.sonatype.org/spice/tags/oss-parent-7
j2objc-annotations;http://svn.sonatype.org/spice/tags/oss-parent-7
j2objc-annotations;http://svn.sonatype.org/spice/trunk/oss/oss-parent-9
jackcess;http://svn.code.sf.net/p/jackcess/code/jackcess/tags/jackcess-4.0.2
jackcess-encrypt;http://svn.code.sf.net/p/jackcessencrypt/code/tags/jackcess-encrypt-4.0.1
jackson-annotations;http://github.com/FasterXML/jackson-annotations
jackson-annotations;https://raw.githubusercontent.com/FasterXML/jackson-annotations/master/LICENSE
jackson-core;http://github.com/FasterXML/jackson-core
jackson-core;https://raw.githubusercontent.com/FasterXML/jackson-core/master/LICENSE
jackson-databind;http://github.com/FasterXML/jackson-databind
jackson-databind;https://raw.githubusercontent.com/FasterXML/jackson-databind/master/LICENSE
jackson-dataformat-cbor;https://raw.githubusercontent.com/FasterXML/jackson-dataformats-binary/master/LICENSE
jackson-dataformat-smile;https://raw.githubusercontent.com/FasterXML/jackson-dataformats-binary/master/LICENSE
jackson-jaxrs-base;http://github.com/FasterXML/jackson-jaxrs-providers
jackson-jaxrs-json-provider;http://github.com/FasterXML/jackson-jaxrs-providers
jackson-jq;https://github.com/juven/git-demo.git
jackson-module-jakarta-xmlbind-annotations;https://raw.githubusercontent.com/FasterXML/jackson-modules-base/master/LICENSE
jackson-module-jaxb-annotations;http://github.com/FasterXML/jackson-modules-base
jaeger-core;https://raw.githubusercontent.com/jaegertracing/jaeger-client-java/master/LICENSE
jaeger-thrift;https://raw.githubusercontent.com/jaegertracing/jaeger-client-java/master/LICENSE
jai-imageio-core;https://raw.githubusercontent.com/jai-imageio/jai-imageio-core/master/LICENSE.txt
jakarta.activation;https://raw.githubusercontent.com/jakartaee/jaf-api/master/LICENSE.md
jakarta.activation-api;https://raw.githubusercontent.com/jakartaee/jaf-api/master/LICENSE.md
jakarta.activation-api;https://raw.githubusercontent.com/jakartaee/jaf-api/master/LICENSE.md
jakarta.annotation-api;https://github.com/eclipse-ee4j/common-annotations-api
jakarta.inject-api;https://github.com/eclipse-ee4j/injection-api
jakarta.validation-api;https://github.com/eclipse-ee4j/beanvalidation-api
jakarta.ws.rs-api;https://github.com/eclipse-ee4j/jaxrs-api
jakarta.xml.bind-api;https://raw.githubusercontent.com/jakartaee/jaxb-api/master/LICENSE.md
jakarta.xml.bind-api;https://raw.githubusercontent.com/jakartaee/jaxb-api/master/LICENSE.md
janino;https://raw.githubusercontent.com/janino-compiler/janino/master/LICENSE
java-atk-wrapper;https://raw.githubusercontent.com/GNOME/java-atk-wrapper/master/COPYING.LESSER
java-libpst;http://github.com/rjohnsondev/java-libpst/tree/master
javassist;https://raw.githubusercontent.com/jboss-javassist/javassist/master/License.html
javax.servlet-api;https://raw.githubusercontent.com/javaee/glassfish/master/LICENSE
jaxb-runtime;https://raw.githubusercontent.com/eclipse-ee4j/jaxb-ri/master/LICENSE.md
jbig2-imageio;https://git-wip-us.apache.org/repos/asf?p=pdfbox-jbig2.git
jcip-annotations;http://github.com/stephenc/jcip-annotations/tree/master/
jcl-over-slf4j;https://github.com/qos-ch/slf4j
jcommander;https://raw.githubusercontent.com/cbeust/jcommander/master/license.txt
jctools-core;https://raw.githubusercontent.com/JCTools/JCTools/master/LICENSE
jctools-core;https://raw.githubusercontent.com/JCTools/JCTools/master/LICENSE
jdom2;https://raw.githubusercontent.com/hunterhacker/jdom/master/LICENSE.txt
jempbox;http://svn.apache.org/viewvc/maven/pom/tags/1.8.16/pdfbox-parent
jersey-client;https://github.com/sonatype/jvnet-parent
jersey-client;https://github.com/eclipse-ee4j/jersey
jersey-common;https://github.com/eclipse-ee4j/jersey
jersey-container-jetty-http;https://github.com/eclipse-ee4j/jersey
jersey-core;https://github.com/sonatype/jvnet-parent
jersey-entity-filtering;https://github.com/eclipse-ee4j/jersey
jersey-hk2;https://github.com/eclipse-ee4j/jersey
jersey-media-json-jackson;https://github.com/eclipse-ee4j/jersey
jersey-server;https://github.com/eclipse-ee4j/jersey
jersey-servlet;https://github.com/sonatype/jvnet-parent
jetty-alpn-client;https://github.com/jetty/jetty.project
jetty-alpn-java-client;https://github.com/jetty/jetty.project
jetty-alpn-java-server;https://github.com/jetty/jetty.project
jetty-alpn-server;https://github.com/jetty/jetty.project
jetty-client;https://github.com/jetty/jetty.project
jetty-client;https://github.com/eclipse/jetty.project
jetty-deploy;https://github.com/jetty/jetty.project
jetty-http;https://github.com/jetty/jetty.project
jetty-http;https://github.com/eclipse/jetty.project
jetty-io;https://github.com/jetty/jetty.project
jetty-io;https://github.com/eclipse/jetty.project
jetty-jmx;https://github.com/jetty/jetty.project
jetty-rewrite;https://github.com/jetty/jetty.project
jetty-security;https://github.com/jetty/jetty.project
jetty-server;https://github.com/jetty/jetty.project
jetty-servlet;https://github.com/jetty/jetty.project
jetty-servlets;https://github.com/jetty/jetty.project
jetty-start;https://github.com/jetty/jetty.project
jetty-util;https://github.com/jetty/jetty.project
jetty-util;https://github.com/eclipse/jetty.project
jetty-util-ajax;https://github.com/eclipse/jetty.project
jetty-webapp;https://github.com/jetty/jetty.project
jetty-webapp;https://github.com/eclipse/jetty.project
jetty-xml;https://github.com/jetty/jetty.project
jetty-xml;https://github.com/eclipse/jetty.project
jhighlight;https://raw.githubusercontent.com/codelibs/jhighlight/master/LICENSE_LGPL.txt
jline;https://raw.githubusercontent.com/jline/jline3/master/LICENSE.txt
jline-builtins;https://raw.githubusercontent.com/jline/jline3/master/LICENSE.txt
jline-reader;https://raw.githubusercontent.com/jline/jline3/master/LICENSE.txt
jline-remote-ssh;https://raw.githubusercontent.com/jline/jline3/master/LICENSE.txt
jline-remote-telnet;https://raw.githubusercontent.com/jline/jline3/master/LICENSE.txt
jline-style;https://raw.githubusercontent.com/jline/jline3/master/LICENSE.txt
jline-terminal;https://raw.githubusercontent.com/jline/jline3/master/LICENSE.txt
jline-terminal-jansi;https://raw.githubusercontent.com/jline/jline3/master/LICENSE.txt
jline-terminal-jna;https://raw.githubusercontent.com/jline/jline3/master/LICENSE.txt
jmatio;https://raw.githubusercontent.com/gradusnikov/jmatio/master/LICENSE.txt
jna;https://raw.githubusercontent.com/java-native-access/jna/master/LICENSE
joda-time;https://github.com/JodaOrg/joda-time
jose4j;https://bitbucket.org/b_c/jose4j
jrt-fs;https://raw.githubusercontent.com/AdoptOpenJDK/openjdk-jdk11/master/LICENSE
json-path;https://raw.githubusercontent.com/json-path/JsonPath/master/LICENSE
json-simple;http://json-simple.googlecode.com/svn/trunk/
json-simple;http://json-simple.googlecode.com/svn/trunk/
json-smart;https://github.com/netplex/json-smart-v1
json-utils;https://github.com/aws/aws-sdk-java-v2
jsonic;https://raw.githubusercontent.com/jsonicjs/jsonic/master/LICENSE
jsr311-api;https://raw.githubusercontent.com/javaee/jsr311/master/LICENSE
jts-core;https://github.com/locationtech/jts
jts-io-common;https://github.com/locationtech/jts
jul-to-slf4j;https://github.com/qos-ch/slf4j
juniversalchardet;http://code.google.com/p/juniversalchardet/source/browse/
junrar;https://raw.githubusercontent.com/junrar/junrar/master/LICENSE
kerb-admin;https://raw.githubusercontent.com/apache/directory-kerby/master/LICENSE
kerb-client;https://raw.githubusercontent.com/apache/directory-kerby/master/LICENSE
kerb-common;https://raw.githubusercontent.com/apache/directory-kerby/master/LICENSE
kerb-core;https://raw.githubusercontent.com/apache/directory-kerby/master/LICENSE
kerb-core;https://raw.githubusercontent.com/apache/directory-kerby/master/LICENSE
kerb-crypto;https://raw.githubusercontent.com/apache/directory-kerby/master/LICENSE
kerb-crypto;https://raw.githubusercontent.com/apache/directory-kerby/master/LICENSE
kerb-identity;https://raw.githubusercontent.com/apache/directory-kerby/master/LICENSE
kerb-server;https://raw.githubusercontent.com/apache/directory-kerby/master/LICENSE
kerb-simplekdc;https://raw.githubusercontent.com/apache/directory-kerby/master/LICENSE
kerb-util;https://raw.githubusercontent.com/apache/directory-kerby/master/LICENSE
kerb-util;https://raw.githubusercontent.com/apache/directory-kerby/master/LICENSE
kerby-asn1;https://raw.githubusercontent.com/apache/directory-kerby/master/LICENSE
kerby-asn1;https://raw.githubusercontent.com/apache/directory-kerby/master/LICENSE
kerby-config;https://raw.githubusercontent.com/apache/directory-kerby/master/LICENSE
kerby-config;https://raw.githubusercontent.com/apache/directory-kerby/master/LICENSE
kerby-pkix;https://raw.githubusercontent.com/apache/directory-kerby/master/LICENSE
kerby-pkix;https://raw.githubusercontent.com/apache/directory-kerby/master/LICENSE
kerby-util;https://raw.githubusercontent.com/apache/directory-kerby/master/LICENSE
kerby-util;https://raw.githubusercontent.com/apache/directory-kerby/master/LICENSE
kerby-xdr;https://raw.githubusercontent.com/apache/directory-kerby/master/LICENSE
kotlin-stdlib;https://raw.githubusercontent.com/JetBrains/kotlin/master/license/LICENSE.txt
kotlin-stdlib;https://raw.githubusercontent.com/JetBrains/kotlin/master/license/LICENSE.txt
kotlin-stdlib-common;https://raw.githubusercontent.com/JetBrains/kotlin/master/license/LICENSE.txt
kotlin-stdlib-common;https://raw.githubusercontent.com/JetBrains/kotlin/master/license/LICENSE.txt
kotlin-stdlib-jdk7;https://raw.githubusercontent.com/JetBrains/kotlin/master/license/LICENSE.txt
kotlin-stdlib-jdk7;https://raw.githubusercontent.com/JetBrains/kotlin/master/license/LICENSE.txt
kotlin-stdlib-jdk8;https://raw.githubusercontent.com/JetBrains/kotlin/master/license/LICENSE.txt
kotlin-stdlib-jdk8;https://raw.githubusercontent.com/JetBrains/kotlin/master/license/LICENSE.txt
langdetect;http://code.google.com/p/language-detection/source/browse
libthrift;https://raw.githubusercontent.com/apache/thrift/master/LICENSE
listenablefuture;https://raw.githubusercontent.com/google/guava/master/LICENSE
listenablefuture;https://raw.githubusercontent.com/google/guava/master/LICENSE
listenablefuture;https://raw.githubusercontent.com/google/guava/master/LICENSE
listenablefuture;https://raw.githubusercontent.com/google/guava/master/LICENSE
log4j-1.2-api;https://github.com/apache/logging-log4j2
log4j-api;https://github.com/apache/logging-log4j2
log4j-core;https://github.com/apache/logging-log4j2
log4j-jul;https://github.com/apache/logging-log4j2
log4j-layout-template-json;https://github.com/apache/logging-log4j2
log4j-slf4j2-impl;https://github.com/apache/logging-log4j2
log4j-web;https://github.com/apache/logging-log4j2
lucene-analysis-common;https://gitbox.apache.org/repos/asf?p=lucene.git
lucene-analysis-icu;https://gitbox.apache.org/repos/asf?p=lucene.git
lucene-analysis-kuromoji;https://gitbox.apache.org/repos/asf?p=lucene.git
lucene-analysis-morfologik;https://gitbox.apache.org/repos/asf?p=lucene.git
lucene-analysis-nori;https://gitbox.apache.org/repos/asf?p=lucene.git
lucene-analysis-opennlp;https://gitbox.apache.org/repos/asf?p=lucene.git
lucene-analysis-phonetic;https://gitbox.apache.org/repos/asf?p=lucene.git
lucene-analysis-smartcn;https://gitbox.apache.org/repos/asf?p=lucene.git
lucene-analysis-stempel;https://gitbox.apache.org/repos/asf?p=lucene.git
lucene-backward-codecs;https://gitbox.apache.org/repos/asf?p=lucene.git
lucene-classification;https://gitbox.apache.org/repos/asf?p=lucene.git
lucene-codecs;https://gitbox.apache.org/repos/asf?p=lucene.git
lucene-core;https://gitbox.apache.org/repos/asf?p=lucene.git
lucene-expressions;https://gitbox.apache.org/repos/asf?p=lucene.git
lucene-grouping;https://gitbox.apache.org/repos/asf?p=lucene.git
lucene-highlighter;https://gitbox.apache.org/repos/asf?p=lucene.git
lucene-join;https://gitbox.apache.org/repos/asf?p=lucene.git
lucene-memory;https://gitbox.apache.org/repos/asf?p=lucene.git
lucene-misc;https://gitbox.apache.org/repos/asf?p=lucene.git
lucene-queries;https://gitbox.apache.org/repos/asf?p=lucene.git
lucene-queryparser;https://gitbox.apache.org/repos/asf?p=lucene.git
lucene-sandbox;https://gitbox.apache.org/repos/asf?p=lucene.git
lucene-spatial-extras;https://gitbox.apache.org/repos/asf?p=lucene.git
lucene-spatial3d;https://gitbox.apache.org/repos/asf?p=lucene.git
lucene-suggest;https://gitbox.apache.org/repos/asf?p=lucene.git
mchange-commons-java;https://github.com/swaldman/mchange-commons-java
metadata-extractor;https://raw.githubusercontent.com/tballison/metadata-extractor/master/LICENSE
metrics-annotation;https://raw.githubusercontent.com/dropwizard/metrics/master/LICENSE
metrics-core;https://raw.githubusercontent.com/dropwizard/metrics/master/LICENSE
metrics-graphite;https://raw.githubusercontent.com/dropwizard/metrics/master/LICENSE
metrics-jetty10;https://raw.githubusercontent.com/dropwizard/metrics/master/LICENSE
metrics-jmx;https://raw.githubusercontent.com/dropwizard/metrics/master/LICENSE
metrics-jvm;https://raw.githubusercontent.com/dropwizard/metrics/master/LICENSE
metrics-spi;https://github.com/aws/aws-sdk-java-v2
morfologik-fsa;https://raw.githubusercontent.com/morfologik/morfologik-stemming/master/LICENSE.txt
morfologik-polish;https://raw.githubusercontent.com/morfologik/morfologik-stemming/master/LICENSE.txt
morfologik-stemming;https://raw.githubusercontent.com/morfologik/morfologik-stemming/master/LICENSE.txt
morfologik-ukrainian-search;https://raw.githubusercontent.com/morfologik/morfologik-stemming/master/LICENSE.txt
netcdf4;https://github.com/Unidata/netcdf-java/blob/maint-5.x/LICENSE
netty-buffer;https://github.com/netty/netty
netty-codec;https://github.com/netty/netty
netty-codec-http;https://github.com/netty/netty
netty-codec-http2;https://github.com/netty/netty
netty-codec-socks;https://github.com/netty/netty
netty-common;https://github.com/netty/netty
netty-handler;https://github.com/netty/netty
netty-handler-proxy;https://github.com/netty/netty
netty-resolver;https://github.com/netty/netty
netty-tcnative-boringssl-static;https://github.com/netty/netty-tcnative/netty-tcnative-boringssl-static
netty-tcnative-classes;https://github.com/netty/netty-tcnative
netty-transport;https://github.com/netty/netty
netty-transport-classes-epoll;https://github.com/netty/netty
netty-transport-native-epoll;https://github.com/netty/netty
netty-transport-native-unix-common;https://github.com/netty/netty
nimbus-jose-jwt;https://bitbucket.org/connect2id/nimbus-jose-jwt
okhttp;https://github.com/square/okhttp
okhttp;https://github.com/square/okhttp
okio-jvm;https://github.com/square/okio/
okio-jvm;https://github.com/square/okio/
opencensus-api;https://raw.githubusercontent.com/census-instrumentation/opencensus-java/master/LICENSE
opencensus-contrib-http-util;https://raw.githubusercontent.com/census-instrumentation/opencensus-java/master/LICENSE
opencensus-proto;https://raw.githubusercontent.com/census-instrumentation/opencensus-java/master/LICENSE
openjson;https://github.com/openjson/openjson
opennlp-tools;https://raw.githubusercontent.com/apache/opennlp/master/LICENSE
opennlp-tools;https://raw.githubusercontent.com/apache/opennlp/master/LICENSE
opennlp-tools;https://raw.githubusercontent.com/apache/opennlp/master/LICENSE
opentelemetry-api;https://raw.githubusercontent.com/open-telemetry/opentelemetry-java/main/LICENSE
opentelemetry-api-events;https://raw.githubusercontent.com/open-telemetry/opentelemetry-java/main/LICENSE
opentelemetry-context;https://raw.githubusercontent.com/open-telemetry/opentelemetry-java/main/LICENSE
opentelemetry-exporter-common;https://raw.githubusercontent.com/open-telemetry/opentelemetry-java/main/LICENSE
opentelemetry-exporter-otlp;https://raw.githubusercontent.com/open-telemetry/opentelemetry-java/main/LICENSE
opentelemetry-exporter-otlp-common;https://raw.githubusercontent.com/open-telemetry/opentelemetry-java/main/LICENSE
opentelemetry-exporter-sender-okhttp;https://raw.githubusercontent.com/open-telemetry/opentelemetry-java/main/LICENSE
opentelemetry-extension-incubator;https://raw.githubusercontent.com/open-telemetry/opentelemetry-java/main/LICENSE
opentelemetry-opentracing-shim;https://raw.githubusercontent.com/open-telemetry/opentelemetry-java/main/LICENSE
opentelemetry-sdk;https://raw.githubusercontent.com/open-telemetry/opentelemetry-java/main/LICENSE
opentelemetry-sdk-common;https://raw.githubusercontent.com/open-telemetry/opentelemetry-java/main/LICENSE
opentelemetry-sdk-extension-autoconfigure;https://raw.githubusercontent.com/open-telemetry/opentelemetry-java/main/LICENSE
opentelemetry-sdk-extension-autoconfigure-spi;https://raw.githubusercontent.com/open-telemetry/opentelemetry-java/main/LICENSE
opentelemetry-sdk-logs;https://raw.githubusercontent.com/open-telemetry/opentelemetry-java/main/LICENSE
opentelemetry-sdk-metrics;https://raw.githubusercontent.com/open-telemetry/opentelemetry-java/main/LICENSE
opentelemetry-sdk-trace;https://raw.githubusercontent.com/open-telemetry/opentelemetry-java/main/LICENSE
opentracing-api;https://raw.githubusercontent.com/opentracing/opentracing-java/master/LICENSE
opentracing-noop;https://raw.githubusercontent.com/opentracing/opentracing-java/master/LICENSE
opentracing-util;https://raw.githubusercontent.com/opentracing/opentracing-java/master/LICENSE
osgi-resource-locator;https://github.com/eclipse-ee4j/glassfish-hk2-extra
paranamer;https://raw.githubusercontent.com/paul-hammant/paranamer/master/LICENSE.txt
parso;https://raw.githubusercontent.com/epam/parso/master/LICENSE
pdfbox;http://svn.apache.org/viewvc/maven/pom/tags/2.0.26/pdfbox-parent
pdfbox-tools;http://svn.apache.org/viewvc/maven/pom/tags/2.0.26/pdfbox-parent
perfmark-api;https://raw.githubusercontent.com/perfmark/perfmark/master/LICENSE
perfmark-api;https://raw.githubusercontent.com/perfmark/perfmark/master/LICENSE
poi;https://raw.githubusercontent.com/apache/poi/trunk/poi/build.gradle
poi-ooxml;https://raw.githubusercontent.com/apache/poi/trunk/poi/build.gradle
poi-ooxml-lite;https://raw.githubusercontent.com/apache/poi/trunk/poi/build.gradle
poi-scratchpad;https://raw.githubusercontent.com/apache/poi/trunk/poi/build.gradle
post;https://github.com/apache/solr/blob/main/LICENSE.txt
preflight;http://svn.apache.org/viewvc/maven/pom/tags/2.0.26/pdfbox-parent
profiles;https://github.com/aws/aws-sdk-java-v2
proj4j;https://github.com/locationtech/proj4j.git
proto-google-cloud-storage-v2;https://raw.githubusercontent.com/googleapis/java-storage/master/LICENSE
proto-google-common-protos;https://raw.githubusercontent.com/googleapis/sdk-platform-java/master/LICENSE
proto-google-iam-v1;https://raw.githubusercontent.com/googleapis/sdk-platform-java/master/LICENSE
protobuf-java;https://raw.githubusercontent.com/protocolbuffers/protobuf/master/LICENSE
protobuf-java;https://raw.githubusercontent.com/protocolbuffers/protobuf/master/LICENSE
protobuf-java;https://raw.githubusercontent.com/protocolbuffers/protobuf/master/LICENSE
protobuf-java;https://raw.githubusercontent.com/protocolbuffers/protobuf/master/LICENSE
protobuf-java;https://raw.githubusercontent.com/protocolbuffers/protobuf/master/LICENSE
protobuf-java-util;https://raw.githubusercontent.com/protocolbuffers/protobuf/master/LICENSE
protocol-core;https://github.com/aws/aws-sdk-java-v2
re2j;https://raw.githubusercontent.com/google/re2j/master/LICENSE
re2j;https://raw.githubusercontent.com/google/re2j/master/LICENSE
re2j;https://raw.githubusercontent.com/google/re2j/master/LICENSE
reactive-streams;https://raw.githubusercontent.com/reactive-streams/reactive-streams-jvm/master/LICENSE
regions;https://github.com/aws/aws-sdk-java-v2
rome;https://raw.githubusercontent.com/rometools/rome/master/LICENSE
rome-utils;https://raw.githubusercontent.com/rometools/rome/master/LICENSE
rome-utils;https://raw.githubusercontent.com/rometools/rome/master/LICENSE
s2-geometry-library-java;https://github.com/sgr-io/s2-geometry-library-java
s3;https://github.com/aws/aws-sdk-java-v2
sdk-core;https://github.com/aws/aws-sdk-java-v2
semver4j;https://github.com/semver4j/semver4j
sentiment-analysis-parser;https://raw.githubusercontent.com/USCDataScience/SentimentAnalysisParser/master/LICENSE
servlet-api;https://raw.githubusercontent.com/jetty/jetty-servlet-api/jakarta-servlet-api/src/main/resources/META-INF/LICENSE.md
simpleclient;https://github.com/prometheus/client_java.git
simpleclient_common;https://github.com/prometheus/client_java.git
simpleclient_httpserver;https://github.com/prometheus/client_java.git
simplemagic;https://github.com/j256/simplemagic
sis-feature;https://github.com/apache/sis/blob/main/LICENSE
sis-metadata;https://github.com/apache/sis/blob/main/LICENSE
sis-netcdf;https://github.com/apache/sis/blob/main/LICENSE
sis-referencing;https://github.com/apache/sis/blob/main/LICENSE
sis-storage;https://gitbox.apache.org/repos/asf?p=sis.git
sis-utility;https://github.com/apache/sis/blob/main/LICENSE
sizeof-agent;https://github.com/ehcache/sizeof/blob/master/LICENSE
slf4j-api;https://github.com/qos-ch/slf4j
snappy-java;https://raw.githubusercontent.com/xerial/snappy-java/master/LICENSE
solr-analysis-extras;https://gitbox.apache.org/repos/asf?p=solr.git
solr-analytics;https://gitbox.apache.org/repos/asf?p=solr.git
solr-api;https://gitbox.apache.org/repos/asf?p=solr.git
solr-clustering;https://gitbox.apache.org/repos/asf?p=solr.git
solr-core;https://gitbox.apache.org/repos/asf?p=solr.git
solr-extraction;https://gitbox.apache.org/repos/asf?p=solr.git
solr-gcs-repository;https://gitbox.apache.org/repos/asf?p=solr.git
solr-hadoop-auth;https://gitbox.apache.org/repos/asf?p=solr.git
solr-hdfs;https://gitbox.apache.org/repos/asf?p=solr.git
solr-jaegertracer-configurator;https://gitbox.apache.org/repos/asf?p=solr.git
solr-jwt-auth;https://gitbox.apache.org/repos/asf?p=solr.git
solr-langid;https://gitbox.apache.org/repos/asf?p=solr.git
solr-ltr;https://gitbox.apache.org/repos/asf?p=solr.git
solr-opentelemetry;https://gitbox.apache.org/repos/asf?p=solr.git
solr-prometheus-exporter;https://gitbox.apache.org/repos/asf?p=solr.git
solr-s3-repository;https://gitbox.apache.org/repos/asf?p=solr.git
solr-scripting;https://gitbox.apache.org/repos/asf?p=solr.git
solr-solrj;https://gitbox.apache.org/repos/asf?p=solr.git
solr-solrj-streaming;https://gitbox.apache.org/repos/asf?p=solr.git
solr-solrj-zookeeper;https://gitbox.apache.org/repos/asf?p=solr.git
solr-sql;https://gitbox.apache.org/repos/asf?p=solr.git
spatial4j;https://github.com/locationtech/spatial4j
start;https://github.com/apache/solr/blob/main/LICENSE.txt
stax2-api;http://github.com/FasterXML/stax2-api
stax2-api;http://github.com/FasterXML/stax2-api
sts;https://github.com/aws/aws-sdk-java-v2
swagger-annotations;https://raw.githubusercontent.com/swagger-api/swagger-core/master/LICENSE
swagger-annotations-jakarta;https://github.com/swagger-api/swagger-core/blob/master/LICENSE
t-digest;https://raw.githubusercontent.com/tdunning/t-digest/master/LICENSE
tagsoup;https://github.com/smikhalevski/tag-soup/blob/master/LICENSE.txt
third-party-jackson-core;https://github.com/FasterXML/jackson-core/blob/2.17/LICENSE
threetenbp;https://github.com/ThreeTen/threetenbp
tika-core;https://github.com/apache/tika
tika-parsers;https://github.com/apache/tika
token-provider;https://raw.githubusercontent.com/apache/directory-kerby/master/LICENSE
txw2;https://github.com/eclipse-ee4j/jaxb-ri.git
udunits;https://github.com/Unidata/thredds/
unit-api;https://raw.githubusercontent.com/unitsofmeasurement/unit-api/master/LICENSE
utils;https://github.com/aws/aws-sdk-java-v2
vorbis-java-core;https://github.com/Gagravarr/VorbisJava
vorbis-java-tika;https://github.com/Gagravarr/VorbisJava
websocket-api;https://github.com/eclipse/jetty.project
websocket-client;https://github.com/eclipse/jetty.project
websocket-common;https://github.com/eclipse/jetty.project
woodstox-core;https://raw.githubusercontent.com/FasterXML/woodstox/master/LICENSE
woodstox-core;https://raw.githubusercontent.com/FasterXML/woodstox/master/LICENSE
xercesImpl;https://github.com/codelibs/xerces/blob/master/LICENSE
xmlbeans;https://svn.apache.org/repos/asf/xmlbeans/
xmpbox;http://svn.apache.org/viewvc/maven/pom/tags/2.0.26/pdfbox-parent
xmpcore;http://www.adobe.com/devnet/xmp.html
xmpcore;http://www.adobe.com/devnet/xmp.html
xmpcore-shaded;https://github.com/tballison/xmpcore-shaded
xsdlib;http://java.net/projects/msv/sources/svn/show/tags/msv-2013.6.1
xz;https://github.com/tukaani-project/xz/blob/master/COPYING
zookeeper;https://gitbox.apache.org/repos/asf/zookeeper.git
zookeeper-jute;https://gitbox.apache.org/repos/asf/zookeeper.git
